country,iso2,iso3,mpr,fpr,gap
Afghanistan,AF,AFG,80.23318,16.63478,
Albania,AL,ALB,71.03983,49.05058,
Algeria,DZ,DZA,72.56217,16.05988,
Angola,AO,AGO,77.06943,64.10407,
Argentina,AR,ARG,75.22581,48.50881,
Armenia,AM,ARM,72.3532,50.53569,
Australia,AU,AUS,71.47214,58.95757,
Austria,AT,AUT,66.8746,53.74964,23
Azerbaijan,AZ,AZE,71.79298,63.5745,
Bahamas,BS,BHS,79.09933,69.20097,
Bahrain,BH,BHR,86.07003,39.21665,
Bangladesh,BD,BGD,83.85836,58.14072,
Barbados,BB,BRB,75.55624,64.17064,
Belarus,BY,BLR,63.97535,50.88155,
Belgium,BE,BEL,59.91467,47.90305,9.8
Belize,BZ,BLZ,82.10062,49.48371,
Benin,BJ,BEN,77.91646,68.29189,
Bhutan,BT,BTN,78.3205,67.07159,
Bolivia,BO,BOL,80.85242,65.76765,
Bosnia and Herzegovina,BA,BIH,58.72005,34.94296,
Botswana,BW,BWA,82.09248,72.25564,
Brazil,BR,BRA,79.93906,60.03442,
Brunei Darussalam,BN,BRN,75.8869,55.27587,
Bulgaria,BG,BGR,61.478,48.90263,13.5
Burkina Faso,BF,BFA,89.94678,77.34451,
Burundi,BI,BDI,82.66399,83.96123,
Cambodia,KH,KHM,86.90183,79.083,
Cameroon,CM,CMR,78.02138,65.47066,
Canada,CA,CAN,71.04857,61.78618,14.1
Cape Verde,CV,CPV,83.78684,52.97377,
Central African Republic,CF,CAF,85.03913,72.80418,
Chad,TD,TCD,80.35254,64.44163,
Channel Islands,JE+GG,JE+GG,63.43721,50.70881,
Chile,CL,CHL,74.1161,48.27803,
China,CN,CHN,79.5402,66.41184,
Colombia,CO,COL,79.46424,57.72616,
Comoros,KM,COM,79.76009,36.44709,
Congo,CG,COG,73.29936,68.64191,
"Congo, Democratic Republic of",CD,COD,72.96804,70.26907,
Costa Rica,CR,CRI,78.88326,47.76637,
Croatia,HR,HRV,59.87134,45.86298,7.4
Cuba,CU,CUB,69.26558,43.716,
Cyprus,CY,CYP,72.55225,57.842,15.8
Czech Republic,CZ,CZE,68.52042,51.05231,22.1
Côte d'Ivoire,CI,CIV,81.10226,53.10163,
Denmark,DK,DNK,68.24954,59.30746,16.4
Djibouti,DJ,DJI,68.17651,37.7417,
Dominican Republic,DO,DOM,77.97472,51.75715,
East Timor,TL,TLS,73.79639,38.19273,
Ecuador,EC,ECU,82.79258,56.64495,
Egypt,EG,EGY,74.43667,24.38165,
El Salvador,SV,SLV,78.35426,48.79061,
Equatorial Guinea,GQ,GNQ,92.17433,81.03708,
Eritrea,ER,ERI,89.98545,80.42313,
Estonia,EE,EST,69.70311,57.05232,29.9
Ethiopia,ET,ETH,89.49503,78.88225,
Fiji,FJ,FJI,79.23596,39.52473,
Finland,FI,FIN,63.24733,54.79762,18.7
France,FR,FRA,61.06911,50.70019,15.1
French Guiana,GF,GUF,63.3954,54.17397,
French Polynesia,PF,PYF,65.83881,47.50931,
Gabon,GA,GAB,65.99557,57.88534,
Gambia,GM,GMB,82.97663,72.45911,
Georgia,GE,GEO,75.71428,56.97203,
Germany,DE,DEU,65.5728,52.65934,21.6
Ghana,GH,GHA,72.81345,67.17007,
Greece,GR,GRC,65.13901,45.834,
Guadeloupe,GP,GLP,63.32523,53.47593,
Guam,GU,GUM,72.53755,46.91302,
Guatemala,GT,GTM,88.35651,50.09526,
Guinea,GN,GIN,78.60657,66.10458,
Guinea-Bissau,GW,GNB,78.50996,68.53554,
Guyana,GY,GUY,76.78125,44.00487,
Haiti,HT,HTI,71.0014,61.41602,
Honduras,HN,HND,82.71574,43.95267,
"Hong Kong, China",HK,HKG,67.67593,51.08104,
Hungary,HU,HUN,58.79375,43.99261,18.4
Iceland,IS,ISL,79.09715,70.95887,20.5
India,IN,IND,80.59645,28.84298,
Indonesia,ID,IDN,83.95522,51.58894,
"Iran, Islamic Republic of",IR,IRN,74.63698,17.63114,
Iraq,IQ,IRQ,69.24767,15.29429,
Ireland,IE,IRL,68.98451,53.05662,
Israel,IL,ISR,61.9289,52.18924,
Italy,IT,ITA,59.55312,38.23143,7.3
Jamaica,JM,JAM,71.15661,56.01901,
Japan,JP,JPN,70.22598,48.75435,
Jordan,JO,JOR,67.2354,16.42753,
Kazakhstan,KZ,KAZ,78.35919,67.19971,
Kenya,KE,KEN,72.51672,62.13934,
"Korea, Democratic People's Republic of",KP,PRK,83.26838,71.27209,
"Korea, Republic of",KR,KOR,70.97411,49.07559,
Kuwait,KW,KWT,82.39413,43.27569,
Kyrgyzstan,KG,KGZ,80.25162,56.58644,26.7
Lao People's Democratic Republic,LA,LAO,79.83281,76.00522,
Latvia,LV,LVA,70.20779,56.72663,14.4
Lebanon,LB,LBN,70.96694,23.2116,
Lesotho,LS,LSO,74.04498,59.48825,
Liberia,LR,LBR,65.65867,58.33555,
Libyan Arab Jamahiriya,LY,LBY,75.24838,28.75697,
Lithuania,LT,LTU,66.02723,55.05119,13.3
Luxembourg,LU,LUX,64.56246,50.51376,8.6
"Macau, China",MO,MAC,77.86099,67.6047,
Madagascar,MG,MDG,88.44447,83.06162,
Malawi,MW,MWI,82.02248,84.07668,
Malaysia,MY,MYS,76.03115,43.7495,
Maldives,MV,MDV,78.42088,58.03638,
Mali,ML,MLI,70.91693,36.98517,
Malta,MT,MLT,66.1601,35.60941,5.1
Martinique,MQ,MTQ,54.60549,47.87125,
Mauritania,MR,MRT,79.52845,29.20865,
Mauritius,MU,MUS,74.88885,45.0462,
Mexico,MX,MEX,80.48141,45.65747,
Mongolia,MN,MNG,67.25997,56.00125,
Morocco,MA,MAR,74.35694,27.12441,
Mozambique,MZ,MOZ,82.63731,84.98522,
Myanmar,MM,MMR,82.24623,74.81221,
Namibia,NA,NAM,70.54773,59.62846,
Nepal,NP,NPL,87.55324,80.71635,
Netherlands,NL,NLD,70.43787,58.08487,16
Netherlands Antilles,AN,ANT,70.14776,58.38125,
New Caledonia,NC,NCL,67.7893,46.54298,
New Zealand,NZ,NZL,73.80287,61.5538,
Nicaragua,NI,NIC,80.3441,48.76544,
Niger,NE,NER,89.54029,40.47126,
Nigeria,NG,NGA,64.0753,48.08817,
Norway,NO,NOR,69.92748,62.15486,16
Oman,OM,OMN,81.58342,29.33661,
Pakistan,PK,PAK,83.65636,23.91034,
Panama,PA,PAN,82.2429,50.48722,
Papua New Guinea,PG,PNG,74.13153,70.44492,
Paraguay,PY,PRY,85.73434,59.68912,
Peru,PE,PER,84.39522,69.28569,
Philippines,PH,PHL,79.5005,50.39975,
Poland,PL,POL,64.10571,47.81348,6.4
Portugal,PT,PRT,68.01974,56.45271,13
Puerto Rico,PR,PRI,55.13277,36.86821,
Qatar,QA,QAT,94.10913,49.7135,
Republic of Moldova,MD,MDA,47.3657,40.49764,
Romania,RO,ROU,65.94981,50.28457,9.1
Russian Federation,RU,RUS,71.43986,56.76327,
Rwanda,RW,RWA,85.90736,86.49581,
Réunion,RE,REU,63.10641,51.83726,
Saint Lucia,LC,LCA,78.29569,65.02451,
Saint Vincent and the Grenadines,VC,VCT,77.49932,56.40528,
Samoa,WS,WSM,76.65592,42.49579,
Sao Tome and Principe,ST,STP,77.09663,45.29847,
Saudi Arabia,SA,SAU,74.90426,19.45748,
Senegal,SN,SEN,88.39049,66.50162,
Serbia,RS,SRB,63.91173,47.43302,
Sierra Leone,SL,SLE,69.62782,66.0106,
Singapore,SG,SGP,75.00702,55.7662,
Slovakia,SK,SVK,68.37884,52.06995,19.8
Slovenia,SI,SVN,64.49519,52.64469,3.2
Solomon Islands,SB,SLB,80.2373,53.6172,
Somalia,SO,SOM,76.23185,37.93749,
South Africa,ZA,ZAF,62.01995,44.77329,
Spain,ES,ESP,66.99055,51.45114,19.3
Sri Lanka,LK,LKA,76.08091,35.38462,
Sudan,SD,SDN,76.75661,31.58612,
Suriname,SR,SUR,68.34976,41.32743,
Swaziland,SZ,SWZ,71.89147,44.50561,
Sweden,SE,SWE,68.05164,59.80366,15.2
Switzerland,CH,CHE,73.54627,60.29496,19.3
Syrian Arab Republic,SY,SYR,71.78016,14.00286,
Tajikistan,TJ,TJK,76.02119,57.69406,
"Tanzania, United Republic of",TZ,TZA,90.36478,87.63303,
Thailand,TH,THA,79.27197,63.66733,
The former Yugoslav Republic of Macedonia,MK,MKD,69.22848,43.65901,
Togo,TG,TGO,81.95295,80.45301,
Tonga,TO,TON,74.14877,53.506,
Trinidad and Tobago,TT,TTO,78.56271,55.46344,
Tunisia,TN,TUN,71.1526,26.21644,
Turkey,TR,TUR,71.11846,28.09276,
Turkmenistan,TM,TKM,77.32681,46.80891,
Uganda,UG,UGA,79.15414,75.35327,
Ukraine,UA,UKR,68.06343,54.46099,
United Arab Emirates,AE,ARE,92.01134,42.05736,
United Kingdom,GB,GBR,68.16235,55.85388,19.7
United States,US,USA,69.80028,57.31509,
United States Virgin Islands,VI,VIR,70.93753,52.93071,
Uruguay,UY,URY,76.38966,56.71156,
Uzbekistan,UZ,UZB,76.18204,48.34029,
Vanuatu,VU,VUT,79.7958,61.46365,
Venezuela,VE,VEN,80.36951,54.13023,
Viet Nam,VN,VNM,81.8212,73.75066,
West Bank and Gaza Strip,PS,PSE,66.76663,16.63118,
Western Sahara,EH,ESH,82.68169,30.29564,
Yemen,YE,YEM,73.22788,26.58295,
Zambia,ZM,ZMB,85.13583,72.69717,
Zimbabwe,ZW,ZWE,89.87971,83.62612,
